"ID","ColumnDisplayName","ColumnInternalName","Required","ColumnTye","Description","Format","MaxLength","EnforceUniqueValues","Indexed","ValidationFormula","DefaultValue","DefaultFormula","CustomFormatter"
"fa564e0f-0c70-4ab9-b863-0177e6ddd247","Title","Title","False","Text","Display name for this program cycle, used for search results and for drop-downs in related lists. Do not update manually.",,"196","False","False",,,"=""(New Program Cycle - Added ""&TEXT(YEAR(NOW()),""0000"")&""-""&TEXT(MONTH(NOW()),""00"")&""-""&TEXT(DAY(NOW()),""00"")&"" ""&TEXT(MOD(HOUR(NOW())+3,24),""00"")&"":""&TEXT(MINUTE(NOW()),""00"")&"":""&TEXT(SECOND(NOW()),""00"")&"")""",
"46092563-caa9-4688-8311-562f02cf6342","Program","Program","True","Lookup","",,,"False","False",,,,"{""$schema"":""https://developer.microsoft.com/json-schemas/sp/v2/column-formatting.schema.json"",""fillHorizontally"":true,""elmType"":""div"",""defaultHoverField"":"""",""attributes"":{""class"":""height-limit hero ms-fontColor-themeDark--hover""},""style"":{""display"":""flex"",""min-width"":""180px"",""padding"":""0 2px"",""margin-left"":""2px"",""margin-right"":""4px"",""text-overflow"":""ellipsis"",""justify-content"":""space-between"",""clear"":""both"",""max-height"":""44px""},""children"":[{""elmType"":""div"",""style"":{""padding-left"":""2px""},""attributes"":{""class"":""='ms-Link ms-fontSize-14 ms-fontWeight-semibold""},""children"":[{""elmType"":""span"",""style"":{""cursor"":""pointer"",""whitespace"":""collapse"",""user-select"":""text"",""padding-left"":""4px"",""overflow"":""hidden"",""text-overflow"":""ellipsis"",""min-width"":""140px"",""text-align"":""left"",""text-decoration"":""inherit"",""color"":""=if(indexOf([$Active]+'~','~')<1 || [$Active], 'inherit', 'gray')""},""txtContent"":""@currentField.lookupValue"",""attributes"":{""title"":""=if(indexOf([$Title]+'^','^')==0, 'Click to open', 'Click to edit')""},""customRowAction"":{""action"":""defaultClick""}}]},{""elmType"":""div"",""customRowAction"":{""action"":""defaultClick""},""style"":{""cursor"":""pointer"",""padding-left"":""6px"",""min-width"":""12px"",""text-align"":""right"",""margin-left"":""auto"",""visibility"":""=if(indexOf([$Title]+'^','^')==0, 'visible', 'hidden')"",""display"":""=if(indexOf([$Title]+'^','^')==0, 'inherit', 'none')""},""children"":[{""elmType"":""a"",""attributes"":{""href"":""""},""style"":{""padding-right"":""4px""},""children"":[{""elmType"":""div"",""attributes"":{""iconName"":""OpenEnrollment"",""class"":""ms-fontSize-16 ms-fontWeight-regular ms-fontColor-themePrimary"",""title"":""Open""}}]}]},{""elmType"":""div"",""style"":{""padding-left"":""6px"",""visibility"":""=if(indexOf([$Title]+'^','^')==0, 'visible', 'hidden')"",""display"":""=if(indexOf([$Title]+'^','^')==0, 'inherit', 'none')""},""children"":[{""elmType"":""a"",""attributes"":{""href"":""=@currentWeb + '/Lists/ProgramParticipantTracking/StartHere.aspx?useFiltersInViewXml=1&FilterField1=Program_x0020_Cycle_x003a_ID&FilterValue1=' + [$ID] + '&FilterType1=Lookup&source=' + @currentWeb + '/Lists/ProgramSummary/'"",""target"":""_top""},""style"":{""padding-right"":""4px""},""children"":[{""elmType"":""div"",""attributes"":{""iconName"":""ContactList"",""class"":""ms-fontSize-16 ms-fontWeight-regular ms-fontColor-themePrimary"",""title"":""View Participants""}}]}]},{""elmType"":""div"",""attributes"":{""class"":""heroCommands show""},""style"":{""cursor"":""pointer"",""padding-left"":""4px"",""padding-right"":""2px"",""margin-right"":""2px"",""min-width"":""8px"",""text-align"":""right"",""visibility"":""=if(indexOf([$Title]+'^','^')==0, 'visible', 'hidden')"",""display"":""=if(indexOf([$Title]+'^','^')==0, 'inherit', 'none')""},""children"":[{""elmType"":""span"",""attributes"":{""class"":""heroCommands show sp-field-quickAction moreActionsHeroField heroButton ms-font-l ms-fontWeight-semiBold ms-fontColor-themeLight ms-borderColor-themePrimary ms-borderColor-themePrimary--hover ms-backgroundColor-themeDark--hover"",""iconName"":""moreVertical""},""customCardProps"":{""directionalHint"":""rightCenter"",""openOnEvent"":""hover"",""isBeakVisible"":true,""beakStyle"":{""backgroundColor"":""lightGray""},""formatter"":{""elmType"":""div"",""children"":[{""elmType"":""div"",""attributes"":{""class"":""ms-borderColor-themeLight ms-fontColor-themePrimary ms-fontColor-themeDark--hover ms-slideRightIn20""},""style"":{""border"":""1px solid""},""children"":[{""elmType"":""div"",""children"":[{""elmType"":""div"",""children"":[{""elmType"":""div"",""attributes"":{""class"":""ms-bgColor-themeSecondary ms-fontColor-themeLighterAlt"",""title"":""='Program Cycle ID: '+[$ID]""},""style"":{""font-weight"":""500"",""text-align"":""left"",""margin-top"":""0px"",""margin-bottom"":""10px"",""border-bottom"":""1px solid"",""padding-right"":""12px"",""padding-left"":""12px"",""padding-top"":""6px"",""padding-bottom"":""6px""},""children"":[{""elmType"":""span"",""txtContent"":""=[$Cycle]""},{""elmType"":""span"",""txtContent"":""='\n(' + toLocaleDateString([$StartDate]) + '  -  ' + toLocaleDateString([$EndDate]) + ')'"",""font-size"":""smaller""}]}]},{""elmType"":""div"",""attributes"":{""class"":""ms-bgColor-themeLight--hover ms-fontColor-themePrimary ms-fontColor-themeDark--hover""},""style"":{""margin"":""5px"",""padding"":""5px"",""cursor"":""pointer""},""customRowAction"":{""action"":""defaultClick""},""children"":[{""elmType"":""span"",""attributes"":{""iconName"":""OpenEnrollment""},""style"":{""margin-left"":""5px"",""font-weight"":""600""}},{""elmType"":""span"",""txtContent"":""Open"",""style"":{""margin-left"":""9px""}}]},{""elmType"":""div"",""attributes"":{""class"":""ms-bgColor-themeLight--hover ms-fontColor-themePrimary ms-fontColor-themeDark--hover""},""style"":{""margin"":""5px"",""padding"":""5px"",""cursor"":""pointer""},""customRowAction"":{""action"":""editProps""},""children"":[{""elmType"":""span"",""attributes"":{""iconName"":""Edit""},""style"":{""margin-left"":""5px"",""font-weight"":""600""}},{""elmType"":""span"",""txtContent"":""Edit"",""style"":{""margin-left"":""9px""}}]},{""elmType"":""div"",""attributes"":{""class"":""ms-bgColor-themeLight--hover ms-fontColor-themePrimary ms-fontColor-themeDark--hover""},""style"":{""margin"":""5px"",""padding"":""5px"",""cursor"":""pointer""},""customRowAction"":{""action"":""executeFlow"",""actionParams"":""{\""id\"":\""4b1c66d8-5692-f011-b4cc-6045bd03b23d\"", \""headerText\"":\""Create Participant Records\"", \""runFlowButtonText\"":\""Add\""}""},""children"":[{""elmType"":""span"",""attributes"":{""iconName"":""AddTo""},""style"":{""margin-left"":""5px"",""font-weight"":""600""}},{""elmType"":""span"",""txtContent"":""Add New Participants"",""style"":{""margin-left"":""9px""}}]},{""elmType"":""div"",""attributes"":{""class"":""ms-bgColor-themeLight--hover ms-fontColor-themePrimary ms-fontColor-themeDark--hover""},""style"":{""margin"":""5px"",""padding"":""5px"",""cursor"":""pointer""},""children"":[{""elmType"":""a"",""attributes"":{""href"":""=@currentWeb + '/Lists/ProgramParticipantTracking/StartHere.aspx?useFiltersInViewXml=1&FilterField1=Program_x0020_Cycle_x003a_ID&FilterValue1=' + [$ID] + '&FilterType1=Lookup&source=' + @currentWeb + '/Lists/ProgramSummary/'"",""target"":""_top"",""title"":""View Participants""},""style"":{""text-decoration"":""none"",""cursor"":""pointer"",""color"":""inherit""},""children"":[{""elmType"":""span"",""attributes"":{""iconName"":""ContactList""},""style"":{""margin-left"":""5px"",""font-weight"":""600""}},{""elmType"":""span"",""txtContent"":""View Participants"",""style"":{""margin-left"":""9px""}}]}]},{""elmType"":""div"",""attributes"":{""class"":""ms-bgColor-themeLight--hover ms-fontColor-themePrimary ms-fontColor-themeDark--hover""},""style"":{""margin"":""5px"",""padding"":""5px"",""cursor"":""pointer""},""children"":[{""elmType"":""a"",""attributes"":{""href"":""=@currentWeb + '/Lists/EmailTracker/Summary.aspx?q=' + @currentField.lookupValue + '&action=view&Source=' + @currentWeb + '/Lists/ProgramSummary'"",""target"":""_top"",""title"":""Find in Email Tracker""},""style"":{""text-decoration"":""none"",""cursor"":""pointer"",""color"":""inherit""},""children"":[{""elmType"":""span"",""attributes"":{""iconName"":""MailSchedule""},""style"":{""margin-left"":""5px"",""font-weight"":""600""}},{""elmType"":""span"",""txtContent"":""Email Tracker"",""style"":{""margin-left"":""9px""}}]}]},{""elmType"":""div"",""attributes"":{""class"":""ms-bgColor-themeLight--hover ms-fontColor-themePrimary ms-fontColor-themeDark--hover""},""style"":{""margin"":""5px"",""padding"":""5px"",""cursor"":""pointer""},""children"":[{""elmType"":""a"",""attributes"":{""href"":""=@currentWeb + '/Lists/Event%20Attendance/AllEvents.aspx?useFiltersInViewXml=1&FilterField1=Program&FilterValue1=' + @currentField.lookupValue + '&FilterType1=Lookup&source=' + @currentWeb + '/Lists/ProgramSummary/'"",""target"":""_top"",""title"":""Find Related Events""},""style"":{""text-decoration"":""none"",""cursor"":""pointer"",""color"":""inherit""},""children"":[{""elmType"":""span"",""attributes"":{""iconName"":""Calendar""},""style"":{""margin-left"":""5px"",""font-weight"":""600""}},{""elmType"":""span"",""txtContent"":""Events"",""style"":{""margin-left"":""9px""}}]}]},{""elmType"":""div"",""attributes"":{""class"":""ms-bgColor-themeLight--hover ms-fontColor-themePrimary ms-fontColor-themeDark--hover""},""style"":{""margin"":""5px"",""padding"":""5px"",""cursor"":""pointer""},""children"":[{""elmType"":""a"",""attributes"":{""data-interception"":""off"",""title"":""Setup an alert to get notified of chages to this record."",""href"":""=@currentWeb + '/_layouts/15/SubNew.aspx?List=' + '%7Bb06a7441-867b-4ddc-9f05-271c46d7e116%7D' + '&ID=' + [$ID] + '&IsDlg=1&Source=' + @currentWeb + '/Lists/People'"",""target"":""_blank"",""class"":""ms-bgColor-themeLight--hover ms-fontColor-themePrimary ms-fontColor-themeDark--hover""},""style"":{""text-decoration"":""none"",""cursor"":""pointer""},""children"":[{""elmType"":""span"",""attributes"":{""iconName"":""AlarmClock""},""style"":{""margin-left"":""5px"",""font-weight"":""600""}},{""elmType"":""span"",""txtContent"":""Alert Me"",""style"":{""margin-left"":""9px""}}]}]},{""elmType"":""div"",""attributes"":{""class"":""ms-bgColor-themeLight--hover ms-fontColor-themePrimary ms-fontColor-themeDark--hover""},""style"":{""margin"":""5px"",""padding"":""5px"",""cursor"":""pointer"",""text-decoration"":""none""},""children"":[{""elmType"":""button"",""attributes"":{""data-interception"":""off"",""title"":""Version History"",""name"":""='Versions-'+[$ID]"",""id"":""='Versions-'+[$ID]"",""class"":""ms-bgColor-themeLight--hover ms-fontColor-themePrimary ms-fontColor-themeDark--hover""},""customRowAction"":{""action"":""embed"",""actionInput"":{""src"":""=@currentWeb + '/_layouts/15/versions.aspx?List=' + '%7Bb06a7441-867b-4ddc-9f05-271c46d7e116%7D' + '&ID=' + [$ID] + '&IsDlg=1&Source=' + @currentWeb + '/Lists/People'"",""height"":""540"",""width"":""920""}},""style"":{""cursor"":""pointer"",""text-decoration"":""none"",""border"":""0"",""background-color"":""inherit"",""padding"":""0"",""margin"":""0""},""children"":[{""elmType"":""span"",""attributes"":{""iconName"":""History""},""style"":{""margin-left"":""5px"",""font-weight"":""600"",""font-size"":""smaller""}},{""elmType"":""span"",""txtContent"":""Version History"",""style"":{""margin-left"":""9px"",""font-weight"":""lighther"",""font-size"":""smaller""}}]}]},{""elmType"":""div"",""attributes"":{""class"":""ms-bgColor-themeLight--hover ms-fontColor-themePrimary ms-fontColor-themeDark--hover""},""style"":{""margin"":""5px"",""padding"":""5px"",""cursor"":""pointer"",""font-size"":""smaller""},""customRowAction"":{""action"":""setValue"",""actionInput"":{""Active"":""No""}},""children"":[{""elmType"":""span"",""attributes"":{""iconName"":""Delete""},""style"":{""margin-left"":""5px"",""font-weight"":""600""}},{""elmType"":""span"",""txtContent"":""Inactivate (Archive)"",""style"":{""margin-left"":""9px""}}]}]}]}]}}}]}]}"
"cb97cd1e-75f5-4942-95cb-23593d0f4c72","Cycle","Cycle","True","Choice","Specific program cycle. Select a calendar year, semester, school year, or fiscal year (FY) as appropriate.",,,"False","False",,,"=TEXT(YEAR(Today),""0000"")","{""$schema"":""https://developer.microsoft.com/json-schemas/sp/v2/column-formatting.schema.json"",""elmType"":""span"",""style"":{""text-decoration"":""none"",""min-width"":""240px""},""customRowAction"":{""action"":""defaultClick""},""children"":[{""elmType"":""span"",""txtContent"":""=@currentField"",""attributes"":{""title"":""=if([$StartDate]=='' || [$EndDate]=='', 'Click to open', toLocaleDateString([$StartDate]) + '  -  ' + toLocaleDateString([$EndDate]) )""},""style"":{""text-align"":""left"",""cursor"":""pointer"",""text-decoration"":""none"",""min-width"":""140px"",""font-weight"":""400"",""width"":""100%""}}]}"
"7a0fd69b-8d65-4f8d-9666-bc18cba9f66d","Status","Status","True","Choice","The current status of this program cycle.",,,"False","False",,"Not Started",,"{""$schema"":""https://developer.microsoft.com/json-schemas/sp/v2/column-formatting.schema.json"",""elmType"":""div"",""inlineEditField"":""@currentField"",""style"":{""flex-wrap"":""wrap"",""display"":""flex""},""children"":[{""elmType"":""div"",""style"":{""box-sizing"":""border-box"",""padding"":""4px 8px 5px 8px"",""overflow"":""hidden"",""text-overflow"":""ellipsis"",""display"":""flex"",""border-radius"":""16px"",""height"":""24px"",""align-items"":""center"",""white-space"":""nowrap"",""margin"":""4px 4px 4px 4px""},""attributes"":{""class"":{""operator"":"":"",""operands"":[{""operator"":""=="",""operands"":[""[$Status]"",""Not Started""]},""sp-css-backgroundColor-BgCornflowerBlue sp-css-color-CornflowerBlueFont sp-css-color-CornflowerBlueFont"",{""operator"":"":"",""operands"":[{""operator"":""=="",""operands"":[""[$Status]"",""Preparing Cycle""]},""sp-css-backgroundColor-BgCyan sp-css-borderColor-CyanFont sp-css-color-CyanFont sp-css-color-CyanFont"",{""operator"":"":"",""operands"":[{""operator"":""=="",""operands"":[""[$Status]"",""Accepting Applications""]},""sp-css-backgroundColor-BgMintGreen sp-css-borderColor-MintGreenFont sp-css-color-MintGreenFont sp-css-color-MintGreenFont"",{""operator"":"":"",""operands"":[{""operator"":""=="",""operands"":[""[$Status]"",""""]},"""",{""operator"":"":"",""operands"":[{""operator"":""=="",""operands"":[""[$Status]"",""Reviewing Applications""]},""sp-css-backgroundColor-BgMauve sp-css-borderColor-MauveFont sp-field-fontSizeSmall sp-css-color-MauveFont sp-css-color-MauveFont"",{""operator"":"":"",""operands"":[{""operator"":""=="",""operands"":[""[$Status]"",""In Progress""]},""sp-css-backgroundColor-BgGold sp-css-borderColor-GoldFont sp-css-color-GoldFont sp-css-color-GoldFont"",{""operator"":"":"",""operands"":[{""operator"":""=="",""operands"":[""[$Status]"",""Cycle Ended""]},""sp-css-backgroundColor-BgDustRose sp-css-color-DustRoseFont sp-css-color-DustRoseFont"",{""operator"":"":"",""operands"":[{""operator"":""=="",""operands"":[""[$Status]"",""Closed""]},""sp-css-backgroundColor-BgGray sp-css-borderColor-WhiteFont sp-css-color-WhiteFont sp-css-color-WhiteFont"",{""operator"":"":"",""operands"":[{""operator"":""=="",""operands"":[""[$Status]"",""Rolling""]},""sp-css-backgroundColor-BgLightBlue sp-css-borderColor-LightBlueFont sp-css-color-LightBlueFont sp-css-color-LightBlueFont"",""sp-field-borderAllRegular sp-field-borderAllSolid sp-css-borderColor-neutralSecondary""]}]}]}]}]}]}]}]}]}},""children"":[{""elmType"":""span"",""style"":{""overflow"":""hidden"",""text-overflow"":""ellipsis"",""padding"":""0 3px""},""txtContent"":""[$Status]"",""attributes"":{""class"":{""operator"":"":"",""operands"":[{""operator"":""=="",""operands"":[""[$Status]"",""Not Started""]},""sp-css-color-CornflowerBlueFont"",{""operator"":"":"",""operands"":[{""operator"":""=="",""operands"":[""[$Status]"",""Preparing Cycle""]},""sp-css-color-CyanFont"",{""operator"":"":"",""operands"":[{""operator"":""=="",""operands"":[""[$Status]"",""Accepting Applications""]},""sp-css-color-MintGreenFont"",{""operator"":"":"",""operands"":[{""operator"":""=="",""operands"":[""[$Status]"",""""]},"""",{""operator"":"":"",""operands"":[{""operator"":""=="",""operands"":[""[$Status]"",""Reviewing Applications""]},""sp-field-fontSizeSmall sp-css-color-MauveFont"",{""operator"":"":"",""operands"":[{""operator"":""=="",""operands"":[""[$Status]"",""In Progress""]},""sp-css-color-GoldFont"",{""operator"":"":"",""operands"":[{""operator"":""=="",""operands"":[""[$Status]"",""Cycle Ended""]},""sp-css-color-DustRoseFont"",{""operator"":"":"",""operands"":[{""operator"":""=="",""operands"":[""[$Status]"",""Closed""]},""sp-css-color-WhiteFont"",{""operator"":"":"",""operands"":[{""operator"":""=="",""operands"":[""[$Status]"",""Rolling""]},""sp-css-color-LightBlueFont"",""""]}]}]}]}]}]}]}]}]}}}]}]}"
"9bc511bb-6f6b-41d0-9e0f-7183135637f4","# Applicants","ApplicantsCount","False","Number","Auto-calculated. The total number of complete applications received (based on Application Date). It does not include those expressing interest in the program but who did not submit a full application.",,,"False","False",,"0",,
"7108acbc-f5f5-4b38-81db-2562c7249717","# Recipients","ParticipantsCount","False","Number","Auto-calculated. The total number of participants or award recipients after the vetting process has completed.",,,"False","False",,"0",,
"170a33d6-fe99-433a-bbd6-02dc82f63ef3","# Applicants (Full Applications)","ApplicantsCalculated","False","Calculated","Auto-calculated. The total number of complete applications received (based on Application Date). It does not include those expressing interest in the program but who did not submit a full application.",,,"False","False",,,,
"59ce3860-d796-4574-a2e2-d2fc621bbf30","# Recipients / Awardees / Participants","ParticipantsCalculated","False","Calculated","Auto-calculated. The total number of participants or award recipients after the vetting process has completed.",,,"False","False",,,,
"5a3aa260-7206-493b-bb5e-3be36904b736","Total Award Amount","TotalAwardAmount","False","Currency","The total amount awarded during this program cycle. The value is calculated in Power Automate by adding the amounts awarded to each participant, and is refreshed on every status change.",,,"False","False",,"0",,
"97fa2753-e204-4edd-aeba-1abe1311d1be","Total Award Amount (USD)","TotalAwardCalculated","False","Calculated","Auto-calculated. The total amount awarded during this program cycle, calculated by adding the amounts awarded to each participant.",,,"False","False",,,,
"533a83d1-8d4a-4511-a340-cd5989d6484a","Average Award Amount","AverageAwardAmount","False","Calculated","The average amount awarded per participant during this program cycle.",,,"False","False",,,,
"f3057ad1-d1df-4d13-a225-91299406db67","Acceptance Rate","AcceptanceRate","False","Calculated","The acceptance rate for this program cycle.",,,"False","False",,,,
"a5704c05-e787-453b-933c-1b950b71ef58","Cycle Start Date","StartDate","False","Calculated","The date when the program cycle starts.",,,"False","False",,,,
"5767c81e-a0da-4562-a974-85f4d5b5aadc","Cycle End Date","EndDate","False","Calculated","The date when the program cycle ends.",,,"False","False",,,,
"c62ae403-3a2c-4e26-8bb9-6b16effb4d68","Pre-Launch Date","PreLaunchDate","False","DateTime","",,,"False","False",,,,"{""$schema"":""https://developer.microsoft.com/json-schemas/sp/v2/column-formatting.schema.json"",""elmType"":""div"",""style"":{""display"":""=if(@currentField, 'flex', 'none')"",""flex-direction"":""column"",""align-items"":""flex-start"",""justify-content"":""flex-start"",""padding"":""10px"",""padding-bottom"":""0px"",""font-size"":""12px"",""color"":""#323130""},""children"":[{""elmType"":""div"",""style"":{""display"":""flex"",""align-items"":""center"",""gap"":""4px""},""children"":[{""elmType"":""span"",""txtContent"":""=if(floor((Date(@currentField) + 46800000) / 86400000) == floor((@now + 46800000) / 86400000), '0d', if(floor((Date(@currentField) + 46800000) / 86400000) > floor((@now + 46800000) / 86400000), toString(floor((Date(@currentField) + 46800000) / 86400000 - floor((@now + 46800000) / 86400000))) + 'd', '-' + toString(floor((@now + 46800000) / 86400000 - (Date(@currentField) + 46800000) / 86400000)) + 'd'))"",""style"":{""color"":""#666"",""font-size"":""10px"",""padding-right"":""1px""}},{""elmType"":""span"",""attributes"":{""iconName"":""=if(floor((Date(@currentField) + 46800000) / 86400000) > floor((@now + 46800000) / 86400000), 'SortUp', if(floor((Date(@currentField) + 46800000) / 86400000) < floor((@now + 46800000) / 86400000), 'SortDown', 'CheckMark'))""},""style"":{""font-size"":""10px"",""color"":""=if(floor((Date(@currentField) + 46800000) / 86400000) > floor((@now + 46800000) / 86400000), '#107c10', if(floor((Date(@currentField) + 46800000) / 86400000) < floor((@now + 46800000) / 86400000), '#a4262c', '#666'))""}}]},{""elmType"":""div"",""inlineEditField"":""@currentField"",""style"":{""display"":""flex"",""align-items"":""center"",""gap"":""4px"",""margin-top"":""2px""},""children"":[{""elmType"":""span"",""attributes"":{""iconName"":""Calendar""},""style"":{""font-size"":""12px"",""padding-right"":""5px""}},{""elmType"":""span"",""txtContent"":""@currentField"",""style"":{""font-weight"":""500""}}]}]}"
"c905f27b-9c1e-42e6-9b87-eacaa19a7d5b","Application Opening Date","ApplicationOpeningDate","False","DateTime","",,,"False","False",,,,"{""$schema"":""https://developer.microsoft.com/json-schemas/sp/v2/column-formatting.schema.json"",""elmType"":""div"",""style"":{""display"":""=if(@currentField, 'flex', 'none')"",""flex-direction"":""column"",""align-items"":""flex-start"",""justify-content"":""flex-start"",""padding"":""10px"",""padding-bottom"":""0px"",""font-size"":""12px"",""color"":""#323130""},""children"":[{""elmType"":""div"",""style"":{""display"":""flex"",""align-items"":""center"",""gap"":""4px""},""children"":[{""elmType"":""span"",""txtContent"":""=if(floor((Date(@currentField) + 46800000) / 86400000) == floor((@now + 46800000) / 86400000), '0d', if(floor((Date(@currentField) + 46800000) / 86400000) > floor((@now + 46800000) / 86400000), toString(floor((Date(@currentField) + 46800000) / 86400000 - floor((@now + 46800000) / 86400000))) + 'd', '-' + toString(floor((@now + 46800000) / 86400000 - (Date(@currentField) + 46800000) / 86400000)) + 'd'))"",""style"":{""color"":""#666"",""font-size"":""10px"",""padding-right"":""1px""}},{""elmType"":""span"",""attributes"":{""iconName"":""=if(floor((Date(@currentField) + 46800000) / 86400000) > floor((@now + 46800000) / 86400000), 'SortUp', if(floor((Date(@currentField) + 46800000) / 86400000) < floor((@now + 46800000) / 86400000), 'SortDown', 'CheckMark'))""},""style"":{""font-size"":""10px"",""color"":""=if(floor((Date(@currentField) + 46800000) / 86400000) > floor((@now + 46800000) / 86400000), '#107c10', if(floor((Date(@currentField) + 46800000) / 86400000) < floor((@now + 46800000) / 86400000), '#a4262c', '#666'))""}}]},{""elmType"":""div"",""inlineEditField"":""@currentField"",""style"":{""display"":""flex"",""align-items"":""center"",""gap"":""4px"",""margin-top"":""2px""},""children"":[{""elmType"":""span"",""attributes"":{""iconName"":""Calendar""},""style"":{""font-size"":""12px"",""padding-right"":""5px""}},{""elmType"":""span"",""txtContent"":""@currentField"",""style"":{""font-weight"":""500""}}]}]}"
"f91e48ae-6620-4b1a-b942-041281f6db41","Application Closing Date","ApplicationClosingDate","False","DateTime","",,,"False","False",,,,"{""$schema"":""https://developer.microsoft.com/json-schemas/sp/v2/column-formatting.schema.json"",""elmType"":""div"",""style"":{""display"":""=if(@currentField, 'flex', 'none')"",""flex-direction"":""column"",""align-items"":""flex-start"",""justify-content"":""flex-start"",""padding"":""10px"",""padding-bottom"":""0px"",""font-size"":""12px"",""color"":""#323130""},""children"":[{""elmType"":""div"",""style"":{""display"":""flex"",""align-items"":""center"",""gap"":""4px""},""children"":[{""elmType"":""span"",""txtContent"":""=if(floor((Date(@currentField) + 46800000) / 86400000) == floor((@now + 46800000) / 86400000), '0d', if(floor((Date(@currentField) + 46800000) / 86400000) > floor((@now + 46800000) / 86400000), toString(floor((Date(@currentField) + 46800000) / 86400000 - floor((@now + 46800000) / 86400000))) + 'd', '-' + toString(floor((@now + 46800000) / 86400000 - (Date(@currentField) + 46800000) / 86400000)) + 'd'))"",""style"":{""color"":""#666"",""font-size"":""10px"",""padding-right"":""1px""}},{""elmType"":""span"",""attributes"":{""iconName"":""=if(floor((Date(@currentField) + 46800000) / 86400000) > floor((@now + 46800000) / 86400000), 'SortUp', if(floor((Date(@currentField) + 46800000) / 86400000) < floor((@now + 46800000) / 86400000), 'SortDown', 'CheckMark'))""},""style"":{""font-size"":""10px"",""color"":""=if(floor((Date(@currentField) + 46800000) / 86400000) > floor((@now + 46800000) / 86400000), '#107c10', if(floor((Date(@currentField) + 46800000) / 86400000) < floor((@now + 46800000) / 86400000), '#a4262c', '#666'))""}}]},{""elmType"":""div"",""inlineEditField"":""@currentField"",""style"":{""display"":""flex"",""align-items"":""center"",""gap"":""4px"",""margin-top"":""2px""},""children"":[{""elmType"":""span"",""attributes"":{""iconName"":""Calendar""},""style"":{""font-size"":""12px"",""padding-right"":""5px""}},{""elmType"":""span"",""txtContent"":""@currentField"",""style"":{""font-weight"":""500""}}]}]}"
"fb7c558c-bd30-4b3e-8cc8-0962b4eb38c6","Final Decision Date","FinalDecisionDate","False","DateTime","",,,"False","False",,,,"{""$schema"":""https://developer.microsoft.com/json-schemas/sp/v2/column-formatting.schema.json"",""elmType"":""div"",""style"":{""display"":""=if(@currentField, 'flex', 'none')"",""flex-direction"":""column"",""align-items"":""flex-start"",""justify-content"":""flex-start"",""padding"":""10px"",""padding-bottom"":""0px"",""font-size"":""12px"",""color"":""#323130""},""children"":[{""elmType"":""div"",""style"":{""display"":""flex"",""align-items"":""center"",""gap"":""4px""},""children"":[{""elmType"":""span"",""txtContent"":""=if(floor((Date(@currentField) + 46800000) / 86400000) == floor((@now + 46800000) / 86400000), '0d', if(floor((Date(@currentField) + 46800000) / 86400000) > floor((@now + 46800000) / 86400000), toString(floor((Date(@currentField) + 46800000) / 86400000 - floor((@now + 46800000) / 86400000))) + 'd', '-' + toString(floor((@now + 46800000) / 86400000 - (Date(@currentField) + 46800000) / 86400000)) + 'd'))"",""style"":{""color"":""#666"",""font-size"":""10px"",""padding-right"":""1px""}},{""elmType"":""span"",""attributes"":{""iconName"":""=if(floor((Date(@currentField) + 46800000) / 86400000) > floor((@now + 46800000) / 86400000), 'SortUp', if(floor((Date(@currentField) + 46800000) / 86400000) < floor((@now + 46800000) / 86400000), 'SortDown', 'CheckMark'))""},""style"":{""font-size"":""10px"",""color"":""=if(floor((Date(@currentField) + 46800000) / 86400000) > floor((@now + 46800000) / 86400000), '#107c10', if(floor((Date(@currentField) + 46800000) / 86400000) < floor((@now + 46800000) / 86400000), '#a4262c', '#666'))""}}]},{""elmType"":""div"",""inlineEditField"":""@currentField"",""style"":{""display"":""flex"",""align-items"":""center"",""gap"":""4px"",""margin-top"":""2px""},""children"":[{""elmType"":""span"",""attributes"":{""iconName"":""Calendar""},""style"":{""font-size"":""12px"",""padding-right"":""5px""}},{""elmType"":""span"",""txtContent"":""@currentField"",""style"":{""font-weight"":""500""}}]}]}"
"87533ae9-b2de-4b18-9af4-2f51d7a63cc9","Award or Presentation Date","PresentationDate","False","DateTime","The date of the awards ceremony, final presentation, symposium, or final project meeting.",,,"False","False",,,,"{""$schema"":""https://developer.microsoft.com/json-schemas/sp/v2/column-formatting.schema.json"",""elmType"":""div"",""style"":{""display"":""=if(@currentField, 'flex', 'none')"",""flex-direction"":""column"",""align-items"":""flex-start"",""justify-content"":""flex-start"",""padding"":""10px"",""padding-bottom"":""0px"",""font-size"":""12px"",""color"":""#323130""},""children"":[{""elmType"":""div"",""style"":{""display"":""flex"",""align-items"":""center"",""gap"":""4px""},""children"":[{""elmType"":""span"",""txtContent"":""=if(floor((Date(@currentField) + 46800000) / 86400000) == floor((@now + 46800000) / 86400000), '0d', if(floor((Date(@currentField) + 46800000) / 86400000) > floor((@now + 46800000) / 86400000), toString(floor((Date(@currentField) + 46800000) / 86400000 - floor((@now + 46800000) / 86400000))) + 'd', '-' + toString(floor((@now + 46800000) / 86400000 - (Date(@currentField) + 46800000) / 86400000)) + 'd'))"",""style"":{""color"":""#666"",""font-size"":""10px"",""padding-right"":""1px""}},{""elmType"":""span"",""attributes"":{""iconName"":""=if(floor((Date(@currentField) + 46800000) / 86400000) > floor((@now + 46800000) / 86400000), 'SortUp', if(floor((Date(@currentField) + 46800000) / 86400000) < floor((@now + 46800000) / 86400000), 'SortDown', 'CheckMark'))""},""style"":{""font-size"":""10px"",""color"":""=if(floor((Date(@currentField) + 46800000) / 86400000) > floor((@now + 46800000) / 86400000), '#107c10', if(floor((Date(@currentField) + 46800000) / 86400000) < floor((@now + 46800000) / 86400000), '#a4262c', '#666'))""}}]},{""elmType"":""div"",""inlineEditField"":""@currentField"",""style"":{""display"":""flex"",""align-items"":""center"",""gap"":""4px"",""margin-top"":""2px""},""children"":[{""elmType"":""span"",""attributes"":{""iconName"":""Calendar""},""style"":{""font-size"":""12px"",""padding-right"":""5px""}},{""elmType"":""span"",""txtContent"":""@currentField"",""style"":{""font-weight"":""500""}}]}]}"
"88a70e4e-f6e3-4f82-b1fd-407898522f16","Feedback Survey Date","FinalFollowUpDate","False","DateTime","The date when the post-award or post-project feedback survey is due, if applicable.",,,"False","False",,,,"{""$schema"":""https://developer.microsoft.com/json-schemas/sp/v2/column-formatting.schema.json"",""elmType"":""div"",""style"":{""display"":""=if(@currentField, 'flex', 'none')"",""flex-direction"":""column"",""align-items"":""flex-start"",""justify-content"":""flex-start"",""padding"":""10px"",""padding-bottom"":""0px"",""font-size"":""12px"",""color"":""#323130""},""children"":[{""elmType"":""div"",""style"":{""display"":""flex"",""align-items"":""center"",""gap"":""4px""},""children"":[{""elmType"":""span"",""txtContent"":""=if(floor((Date(@currentField) + 46800000) / 86400000) == floor((@now + 46800000) / 86400000), '0d', if(floor((Date(@currentField) + 46800000) / 86400000) > floor((@now + 46800000) / 86400000), toString(floor((Date(@currentField) + 46800000) / 86400000 - floor((@now + 46800000) / 86400000))) + 'd', '-' + toString(floor((@now + 46800000) / 86400000 - (Date(@currentField) + 46800000) / 86400000)) + 'd'))"",""style"":{""color"":""#666"",""font-size"":""10px"",""padding-right"":""1px""}},{""elmType"":""span"",""attributes"":{""iconName"":""=if(floor((Date(@currentField) + 46800000) / 86400000) > floor((@now + 46800000) / 86400000), 'SortUp', if(floor((Date(@currentField) + 46800000) / 86400000) < floor((@now + 46800000) / 86400000), 'SortDown', 'CheckMark'))""},""style"":{""font-size"":""10px"",""color"":""=if(floor((Date(@currentField) + 46800000) / 86400000) > floor((@now + 46800000) / 86400000), '#107c10', if(floor((Date(@currentField) + 46800000) / 86400000) < floor((@now + 46800000) / 86400000), '#a4262c', '#666'))""}}]},{""elmType"":""div"",""inlineEditField"":""@currentField"",""style"":{""display"":""flex"",""align-items"":""center"",""gap"":""4px"",""margin-top"":""2px""},""children"":[{""elmType"":""span"",""attributes"":{""iconName"":""Calendar""},""style"":{""font-size"":""12px"",""padding-right"":""5px""}},{""elmType"":""span"",""txtContent"":""@currentField"",""style"":{""font-weight"":""500""}}]}]}"
"b3d2eae2-fb8e-42e5-98d1-c82a8c5c05bc","Research Areas","ResearchAreas","False","TaxonomyFieldTypeMulti","The research area focus, from the center's pre-defined taxonomy.",,,"False","False",,"",,
"c08cac88-12f8-4aee-8ae0-85467e861a94","Research Methodologies and Applications","ResearchMethodologies","False","TaxonomyFieldTypeMulti","The research methodology and applications focus, from the center's pre-defined taxonomy.",,,"False","False",,"",,
"89521a10-5f4a-4cce-a80b-c069836146ba","Population Focus","Populations","False","TaxonomyFieldTypeMulti","The population focus, from the center's pre-defined taxonomy.",,,"False","False",,"",,
"23f27201-bee3-471e-b2e7-b64fd8b7ca38","Tags","TaxKeyword","False","TaxonomyFieldTypeMulti","Custom tags and keywords for searching.",,,"False","False",,,,"{
  ""$schema"": ""https://developer.microsoft.com/json-schemas/sp/v2/column-formatting.schema.json"",
  ""elmType"": ""div"",
  ""style"": {
    ""display"": ""flex"",
    ""flex-wrap"": ""wrap"",
    ""width"": ""100%""
  },
  ""children"": [
    {
      ""elmType"": ""div"",
      ""style"": {
        ""margin"": ""4px"",
        ""padding"": ""4px 8px 4px 8px"",
        ""border-radius"": ""10px""
      },
      ""attributes"": {
        ""class"": ""ms-bgColor-themeLighterAlt ms-bgColor-themeDarkAlt--hover ms-fontColor-themeLighterAlt--hover""
      },
      ""forEach"": ""tag in @currentField"",
      ""children"": [
        {
          ""elmType"": ""div"",
          ""style"": {
            ""vertical-align"": ""middle"",
            ""white-space"": ""nowrap"",
            ""width"": ""auto""
          },
          ""attributes"": {
            ""class"": ""ms-fontColor-themeDarker ms-fontColor-themeLighterAlt--hover ms-font-xs""
          },
		  ""children"": [
		  {
			  ""elmType"": ""a"",
			  ""attributes"": {
				""href"": ""=@currentWeb + '/_layouts/15/search.aspx/siteall?q=tags:\""' + [$tag] + '\""'"",
				""target"": ""_blank"",
				""class"": ""ms-fontColor-themeDarker ms-fontColor-themeLighterAlt--hover ms-font-xs""
              },
			  ""style"":{
				  ""text-decoration"": ""none""
			  },
			  ""children"": [
				{
				  ""elmType"": ""span"",
				  ""style"": {
					""position"": ""relative"",
					""top"": ""2px"",
					""text-decoration"": ""none""
				  },
				  ""attributes"": {
					""iconName"": ""Tag""
				  }
				},
				{
				  ""elmType"": ""span"",
				  ""style"": {
					""padding-left"": ""4px""
				  },
				  ""txtContent"": ""[$tag]""
				}
			  ]
			}
			]
		}
	  ]
    }
  ]
}"
"bae6fc37-bb77-43cf-8fb4-eb1572856634","Notes","Notes","False","Note","",,,"False","False",,,,
"fd974c01-ead7-446a-8014-16167dd79667","Related Email Outreach","RelatedEmail","False","LookupMulti","Email communications such as announcements, calls for papers, and invitations to apply, recorded in the Email Tracker list.",,,"False","False",,,,
"b6df0943-0396-45fe-8434-d9f7afc10cd5","Application Link","ApplicationLink","False","URL","Link to the program application, if applicable.",,,"False","False",,,,
"08a346ec-2abb-4965-b87a-207ee45f89f2","_hiddenProgram","_hiddenProgram","False","Text","Automatic. System field used to propagate the value in the Program column to other lists. Do not edit manually.",,"255","False","False",,,,
"9d166b28-6282-4786-8f66-f51cebd5eccf","_hiddenProgramID","_hiddenProgramID","False","Number","Automatic. System field used to propagate the value in the Program column to other lists. Do not edit manually.",,,"False","False",,"0",,
"e36ca8fe-5be0-4d5a-a87a-b4e23bcb0292","_SysVersion","_SysVersion","False","Number","System field used by automations to keep track of the last version that was modified automatically. This helps prevent infinite loops.",,,"False","False",,"1",,
"122c344a-05a0-4873-b883-5020c259a765","_SysFlow","_SysFlow","False","Text","System field used by automations to keep track of the last workflow that modified this item. This helps prevent infinite loops.",,"128","False","False",,"NA",,
"76d13cd2-1bae-45a5-8b74-545b87b65037","Color Tag","_ColorTag","False","Text","",,"255","False","False",,,,
"3a6b296c-3f50-445c-a13f-9c679ea9dda3","Compliance Asset Id","ComplianceAssetId","False","Text","",,"255","False","False",,,,
"a0133d9a-5cb5-4640-9eb1-9f7de4a01058","Team ID","Program_x003a__hiddenTmID","False","Lookup","",,,"False","False",,,,
"cfa55b6a-a558-4d60-b586-78224789fefa","Team","Program_x003a__hiddenTmNam","False","Lookup","",,,"False","False",,,,"{""$schema"":""https://developer.microsoft.com/json-schemas/sp/v2/column-formatting.schema.json"",""elmType"":""div"",""style"":{""text-align"":""center"",""vertical-align"":""middle"",""display"":""=if(@currentField=='','none','inheirt')"",""text-decoration"":""none"",""cursor"":""pointer""},""customRowAction"":{""action"":""embed"",""actionInput"":{""src"":""=@currentWeb + '/Lists/Teams%20List/ContactCards.aspx?env=WebViewList&FilterField1=Title&FilterType1=Computed&FilterOp1=In&FilterValue1=' + @currentField.lookupValue"",""height"":""500"",""width"":""560""}},""children"":[{""elmType"":""div"",""style"":{""text-align"":""center"",""vertical-align"":""middle"",""text-decoration"":""none""},""attributes"":{""href"":"""",""target"":""_blank"",""title"":""=if(@currentField=='', ' (not set) ', 'Click to Open')"",""class"":""ms-fontSize-18""},""children"":[{""elmType"":""span"",""attributes"":{""iconName"":""=if(@currentField=='', 'none', 'TeamWork')""},""style"":{""text-align"":""center"",""vertical-align"":""middle"",""text-decoration"":""none"",""padding-left"":""2px"",""padding-right"":""3px"",""class"":""ms-fontSize-18""}},{""elmType"":""span"",""txtContent"":""=if(@currentField=='', '', if(toString(@currentField)=='[object Object]', @currentField.lookupValue, @currentField))"",""attributes"":{""class"":""ms-fontSize-12""},""style"":{""padding-left"":""3px"",""padding-right"":""2px"",""vertical-align"":""middle"",""text-decoration"":""none""}}]}]}"
"1d22ea11-1e32-424e-89ab-9fedbadb6ce1","ID","ID","False","Counter","",,,"False","False",,,,
"c042a256-787d-4a6f-8a8a-cf6ab767f12d","Content Type","ContentType","False","Computed","",,,"False","False",,,,
"28cf69c5-fa48-462a-b5cd-27b6f9d2bd5f","Modified","Modified","False","DateTime","",,,"False","False",,,,
"8c06beca-0777-48f7-91c7-6da68bc07b69","Created","Created","False","DateTime","",,,"False","False",,,,
"1df5e554-ec7e-46a6-901d-d85a3881cb18","Created By","Author","False","User","",,,"False","False",,,,
"d31655d1-1d5b-4511-95a1-7a09e9b75bf2","Modified By","Editor","False","User","",,,"False","False",,,,
"dce8262a-3ae9-45aa-aab4-83bd75fb738a","Version","_UIVersionString","False","Text","",,"255","False","False",,,,
"67df98f4-9dec-48ff-a553-29bece9c5bf4","Attachments","Attachments","False","Attachments","",,,"False","False",,,,
"503f1caa-358e-4918-9094-4a2cdc4bc034","Edit","Edit","False","Computed","",,,"False","False",,,,
"bc91a437-52e7-49e1-8c4e-4698904b2b6d","Title","LinkTitleNoMenu","False","Computed","",,,"False","False",,,,
"82642ec8-ef9b-478f-acf9-31f7d45fbc31","Title","LinkTitle","False","Computed","",,,"False","False",,,,
"081c6e4c-5c14-4f20-b23e-1a71ceb6a67c","Type","DocIcon","False","Computed","",,,"False","False",,,,
"b824e17e-a1b3-426e-aecf-f0184d900485","Item Child Count","ItemChildCount","False","Lookup","",,,"False","False",,,,
"960ff01f-2b6d-4f1b-9c3f-e19ad8927341","Folder Child Count","FolderChildCount","False","Lookup","",,,"False","False",,,,
"ccc1037f-f65e-434a-868e-8c98af31fe29","Label setting","_ComplianceFlags","False","Lookup","",,,"False","False",,,,
"d4b6480a-4bed-4094-9a52-30181ea38f1d","Retention label","_ComplianceTag","False","Lookup","",,,"False","False",,,,
"92be610e-ddbb-49f4-b3b1-5c2bc768df8f","Retention label Applied","_ComplianceTagWrittenTime","False","Lookup","",,,"False","False",,,,
"418d7676-2d6f-42cf-a16a-e43d2971252a","Label applied by","_ComplianceTagUserId","False","Lookup","",,,"False","False",,,,
"8382d247-72a9-44b1-9794-7b177edc89f3","Item is a Record","_IsRecord","False","Computed","",,,"False","False",,,,
"6bfaba20-36bf-44b5-a1b2-eb6346d49716","App Created By","AppAuthor","False","Lookup","",,,"False","False",,,,
"e08400f3-c779-4ed2-a18c-ab7f34caa318","App Modified By","AppEditor","False","Lookup","",,,"False","False",,,,
